1,A. M-usic,https://i.postimg.cc/522BVtTV/avatar.png,,Alisson Mello
2,Alecfork,https://i.postimg.cc/522BVtTV/avatar.png,,Alec Weaver
3,AllBrusic,https://i.postimg.cc/522BVtTV/avatar.png,,Brunno4
4,Aluado Stones,https://i.postimg.cc/522BVtTV/avatar.png,,Aluado
5,Anneboard,https://i.postimg.cc/522BVtTV/avatar.png,,Anneliese
6,Ashgraph,https://i.postimg.cc/522BVtTV/avatar.png,Ashfork,Ashford
7,D1,https://i.postimg.cc/522BVtTV/avatar.png,,Leonardo Davi
8,E! Vaccari,https://i.postimg.cc/522BVtTV/avatar.png,,Marie Vaccari
9,GertCo. Media,https://i.postimg.cc/522BVtTV/avatar.png,,Gert Danvers
10,Gxriety,https://i.postimg.cc/522BVtTV/avatar.png,,GABRIEL
11,Haus Critic,https://i.postimg.cc/522BVtTV/avatar.png,,Joanne
12,Jadequence of Sound,https://i.postimg.cc/522BVtTV/avatar.png,,Jade X
13,José I,https://i.postimg.cc/522BVtTV/avatar.png,vito,Vito Adu
14,K! Online,https://i.postimg.cc/522BVtTV/avatar.png,,Kadu
15,Kellyview,https://i.postimg.cc/522BVtTV/avatar.png,,Kelly
16,Lisa Banks,https://i.postimg.cc/522BVtTV/avatar.png,,Lisa Banks
17,MabelHammer,https://i.postimg.cc/522BVtTV/avatar.png,,Mabel
18,Michelcritic,https://i.postimg.cc/522BVtTV/avatar.png,,Michelangelo
19,Mushradar,https://i.postimg.cc/qv4SZdv9/photo-2022-11-14-15-54-55.jpg,Mushfork,Mushroom
20,Naomi Music Diva,https://i.postimg.cc/522BVtTV/avatar.png,NMD,Naomi
21,NMEstevan,https://i.postimg.cc/522BVtTV/avatar.png,,Estevan
22,NMEvans,https://i.postimg.cc/522BVtTV/avatar.png,,Hurrance Evans
23,Outternative Press,https://i.postimg.cc/y6122mjp/godno.png,,outtathisworld
24,Patrickfork,https://i.postimg.cc/522BVtTV/avatar.png,,ALICE
25,Pitchyaga,https://i.postimg.cc/522BVtTV/avatar.png,,ALINNA
26,Portal Samara Descolada,https://i.postimg.cc/522BVtTV/avatar.png,,Lennie Dale
27,Raxclaim,https://i.postimg.cc/522BVtTV/avatar.png,,Rawak
28,Rotivboard,https://i.postimg.cc/522BVtTV/avatar.png,,Ali Aguilera
29,S Nation! Online,https://i.postimg.cc/522BVtTV/avatar.png,BlueBox,Suzy
30,Siapricho,https://i.postimg.cc/522BVtTV/avatar.png,,Sia
31,Sputininson,https://i.postimg.cc/pX0CV3HF/photo-2022-11-14-16-18-00.jpg,,Allison Swift
32,TaranStone,https://i.postimg.cc/522BVtTV/avatar.png,,Dasha Taran
33,Telegraph Wyyh,https://i.postimg.cc/522BVtTV/avatar.png,,Junggaram
34,The Adam Post,https://i.postimg.cc/522BVtTV/avatar.png,,Adam Carter
35,The Balk Guardian,https://i.postimg.cc/522BVtTV/avatar.png,,Balk
36,The Benefactor,https://i.postimg.cc/522BVtTV/avatar.png,,Penelope
37,The Eclectic Time,https://i.postimg.cc/522BVtTV/avatar.png,,Bruce / LEE
38,The Independasha,https://i.postimg.cc/522BVtTV/avatar.png,,Asha
39,The Jackeline Times,https://i.postimg.cc/522BVtTV/avatar.png,,Jackie
40,The Line of Best Fit,https://i.postimg.cc/522BVtTV/avatar.png,,Dylan Mellet
41,The Mathcritic,https://i.postimg.cc/522BVtTV/avatar.png,,Viktoria Vanjie
42,The New York Lucas,https://i.postimg.cc/522BVtTV/avatar.png,,Neferine
43,The Postelar,https://i.postimg.cc/522BVtTV/avatar.png,,Stelar
44,The S.M Club,https://i.postimg.cc/522BVtTV/avatar.png,,Sarah Mai
45,The Tessagraph,https://i.postimg.cc/522BVtTV/avatar.png,,Tessa Reimels
46,The Theodore Globe,https://i.postimg.cc/522BVtTV/avatar.png,,Theodore Bellini
47,The Zanian,https://i.postimg.cc/522BVtTV/avatar.png,,ZANE
48,Tønnesound,https://i.postimg.cc/522BVtTV/avatar.png,,Pietro
49,Twenty Music,https://i.postimg.cc/522BVtTV/avatar.png,,Kaleb Woodbane
50,Unique Variety,https://i.postimg.cc/522BVtTV/avatar.png,,Oliver Foster
51,ZappingZoe,https://i.postimg.cc/522BVtTV/avatar.png,,Zoe